INSERT INTO Staff ( SSN, Name,  Role, JoinDate, Remuneration )
VALUES ( '941.167.345-78', 'Luis Filipe Vieira', 'Hardware Engineer', '04/02/2014', 10120.00 );
INSERT INTO Staff ( SSN, Name,  Role, JoinDate, Remuneration )
VALUES ( '283.512.515-93', 'Guilherme Melo', 'DB Administrator', '03/11/2013', 10120.01 );
INSERT INTO Staff ( SSN, Name,  Role, JoinDate, Remuneration )
VALUES ( '646.813.820-51', 'Danilo Machado', 'Hardware Engineer', '12/02/2013', 10120.00 );
INSERT INTO Staff ( SSN, Name,  Role, JoinDate, Remuneration )
VALUES ( '116.982.341-63', 'Alberto Oliveira', 'Software Engineer', '10/10/2010', 10120.00 );
INSERT INTO Staff ( SSN, Name,  Role, JoinDate, Remuneration )
VALUES ( '415.040.390-25', 'Matheus Andrade', 'DBA Intern', '24/04/2016', 1800.00 );
INSERT INTO Staff ( SSN, Name,  Role, JoinDate, Remuneration )
VALUES ( '825.911.329-50', 'Gabrielle Maito', 'Psychiatrist', '20/01/2000', 9000.00 );

INSERT INTO Staff_Phones
VALUES ( 1, '3135363010' );
INSERT INTO Staff_Phones
VALUES ( 2, '3182932010' );
INSERT INTO Staff_Phones
VALUES ( 2, '3137413724' );
INSERT INTO Staff_Phones
VALUES ( 4, '3137423610' );
INSERT INTO Staff_Phones
VALUES ( 3 , '3137421487' );
INSERT INTO Staff_Phones
VALUES ( 6 , '3193201422' );
INSERT INTO Staff_Phones
VALUES ( 5, '3134352010' );
INSERT INTO Staff_Phones
VALUES ( 1, '3188049568' );

INSERT INTO Client
VALUES ( 'Joao das Neves', '192303', 'jneves@muralha.com', 'Westeros', 'The North', 'Winterfell', '35490-000', 'Rua dos Stark', 1 );
INSERT INTO Client
VALUES ( 'Tio Patinhas', '19212', 'patinhas@bancopatinhas.com', 'Estados Unidos', 'Patomar', 'Patopolis', '36420-000', 'Rua do Banco Caixa Forte', 123 );
INSERT INTO Client
VALUES ( 'Umbrella Corporation', '192300', 'umbrella@umbrellacorp.com', 'Estados Unidos', 'Wisconsin', 'Raccon City', '20201-020', 'Rua da Colmeia', 329 );
INSERT INTO Client
VALUES ( 'Empreendimentos S.A.', '321901', 'falecom@empreendimentossa.com', 'Brasil', 'Minas Gerais', 'Ouro Preto', '30310-000', 'Pca Tiradentes', 213 );
INSERT INTO Client
VALUES ( 'Andorinhas Linhas Aereas', '12392', 'contato@voeandorinhas.com', 'Brasil', 'Sao Paulo', 'Sao Paulo', '10210-900','Av Sumare', 3420 );
INSERT INTO Client
VALUES ( 'U. F. de Ouro Preto', '84012', 'ufop@ufop.br', 'Brasil', 'Minas Gerais', 'Ouro Preto', '35690-000', 'Campus Universitario', 1);
INSERT INTO Client
VALUES ( 'HUMBURGUERIA 2.0', '65382', 'contato@hamb20.com.br', 'Brasil', 'Minas Gerais', 'Ouro Preto', '35690-000', 'Rua Direita', 999 );
INSERT INTO Client
VALUES ( 'ELKay Mix Producoes', '242424', 'lucblaster@hotmail.com', 'Brasil', 'Minas Gerais', 'Ouro Branco', '36420-000', 'Rua Queiroz Junior', 6 );
INSERT INTO Client
VALUES ( 'Centro de Pesquisa KT8', '15839', 'KT8@search.gov.br', 'Brasil', 'Sao Paulo', 'Sao Paulo', '10210-900', 'Av Paulista', 5435 );
INSERT INTO Client
VALUES ( 'Eletronica COSMOS', '33331', 'eletrocosmos@gmail.com', 'Brasil', 'Minas Gerais', 'Ouro Branco', '36420-000', 'Rua da Lavoura', 333 );
INSERT INTO Client
VALUES ( 'Casa de Carnes Joao da Alcatra', '11753', 'CCJA@gmail.com', 'Brasil', 'Minas Gerais', 'Sao Joao Del Rey', '34789-230', 'Rua dos Velhos', 4353);
INSERT INTO Client
VALUES ( 'Etiquepress', '68782', 'etiquepress@etiquepress.com.br', 'Brasil', 'Sao Paulo', 'Sao Bernardo do Campo', '54323-902', 'Rua Rudge Ramos', 345);
INSERT INTO Client
VALUES ( 'Evolution Informatica', '90909', 'evo@info.com', 'Brasil', 'Minas Gerais', 'Belo Horizonte', '12335-111', 'Rua Horizonte Belo', 910);
INSERT INTO Client
VALUES ( 'Meridional Interiores', '89033', 'meridionalinteriores@hotmail.com','Brasil','Minas Gerais','Varginha', '99920-000', 'Rua Dallas', 501);
INSERT INTO Client
VALUES ('Joaquim Silverio dos Reis X9', '697538', 'joaquimsilverio@x9.com', 'Brasil', 'Minas Gerais', 'Tiradentes', '35715-372', 'Rua Quatro de Abril', 616);

INSERT INTO Company
VALUES ( '192300', '95.988.457/0001-62' );
INSERT INTO Company
VALUES ( '84012', '74.551.433/0001-71' );
INSERT INTO Company
VALUES ( '321901', '18.116.445/0001-05' );
INSERT INTO Company
VALUES ( '12392', '13.962.611/0001-62' );
INSERT INTO Company
VALUES ( '65382', '56.482.289/0001-87' );
INSERT INTO Company
VALUES (  '242424', '47.551.206/0001-73' );
INSERT INTO Company
VALUES (  '15839', '53.118.201/0001-54' );
INSERT INTO Company
VALUES (  '33331', '56.887.250/0001-40' );
INSERT INTO Company
VALUES (  '11753', '73.166.461/0001-02' );
INSERT INTO Company
VALUES (  '68782', '97.854.097/0001-31' );
INSERT INTO Company
VALUES (  '90909', '51.651.488/0001-58' );
INSERT INTO Company
VALUES (  '89033', '15.446.185/0001-30' );


INSERT INTO Person
VALUES (  '697538', '739.831.025-06' );
INSERT INTO Person
VALUES ( '192303', '814.450.401-15' );
INSERT INTO Person
VALUES ( '19212', '278.120.602-41' );

INSERT INTO Client_Phones
VALUES ( '192300', '3192341020' );
INSERT INTO Client_Phones
VALUES ( '84012', '3138429420' );
INSERT INTO Client_Phones
VALUES ( '321901', '3175291020' );
INSERT INTO Client_Phones
VALUES ( '12392', '3237422029' );
INSERT INTO Client_Phones
VALUES ( '192303', '1131110101' );
INSERT INTO Client_Phones
VALUES ( '19212', '2132310001' );
INSERT INTO Client_Phones
VALUES ( '12392', '3132322029' );
INSERT INTO Client_Phones
VALUES ( '192303', '1131111001' );
INSERT INTO Client_Phones
VALUES ( '19212', '2132310002' );
INSERT INTO ClientPhones
VALUES (  '242424', '4356748391' );
INSERT INTO ClientPhones
VALUES (  '15839', '6578961123' );
INSERT INTO ClientPhones
VALUES (  '33331', '8778698743' );
INSERT INTO ClientPhones
VALUES (  '11753', '9167483919' );
INSERT INTO ClientPhones
VALUES (  '68782', '9368794711' );
INSERT INTO ClientPhones
VALUES (  '90909', '5490831739' );
INSERT INTO ClientPhones
VALUES (  '89033', '3758691748' );
INSERT INTO ClientPhones
VALUES (  '697538', '1658395816' );


INSERT INTO ClientBillingInfo
VALUES ( '192300', '6011391370288000' );
INSERT INTO ClientBillingInfo
VALUES ( '84012', '352276105067862' );
INSERT INTO ClientBillingInfo
VALUES ( '321901', '5217886638454496' );
INSERT INTO ClientBillingInfo
VALUES ( '12392', '5515785612858145' );
INSERT INTO ClientBillingInfo
VALUES ( '192303', '6011968033194038' );
INSERT INTO ClientBillingInfo
VALUES ( '19212', '4672915937202263' );
INSERT INTO ClientBillingInfo
VALUES ( '192300', '5337179781388371' );
INSERT INTO ClientBillingInfo
VALUES ( '84012', '344665269679382' );
INSERT INTO ClientBillingInfo
VALUES ( '321901', '6011623436696010' );
INSERT INTO ClientBillingInfo
VALUES (  '242424', '4996533181058296' );
INSERT INTO ClientBillingInfo
VALUES (  '15839', '4889805216492835' );
INSERT INTO ClientBillingInfo
VALUES (  '33331', '5175828570552952' );
INSERT INTO ClientBillingInfo
VALUES (  '11753', '366837523124322' );
INSERT INTO ClientBillingInfo
VALUES (  '68782', '6011749371450509' );
INSERT INTO ClientBillingInfo
VALUES (  '90909', '4153647262264547' );
INSERT INTO ClientBillingInfo
VALUES (  '89033', '5137090067821344' );
INSERT INTO ClientBillingInfo
VALUES (  '697538', '5296849571386194' );
INSERT INTO ClientBillingInfo
VALUES (  '68782', '347380534184492' );
INSERT INTO ClientBillingInfo
VALUES (  '90909', '6011127313356284' );
INSERT INTO ClientBillingInfo
VALUES (  '89033', '5146567592540035' );
INSERT INTO ClientBillingInfo
VALUES (  '697538', '4025604809804836' );

INSERT INTO Ticket
VALUES ( '192303', 'Solicito o reparo dos meus servidores', 'Manutencao',
    '20/7/2016', null, null, '84012' );
INSERT INTO Ticket
VALUES ( '192304', 'Preciso que seja instalado nos meus servidores GPUs Nvidia GTX1080',
     'Upgrade', '22/7/2016', null, '116.982.341-63', '12392'  );
INSERT INTO Ticket
VALUES ( '192300', 'Solicito a segunda via do boleto', 'Pagamento', '10/2/2016',
    '11/2/2016', '825.911.329-50', '192303' );
INSERT INTO Ticket
VALUES ( '19212', 'Necessito de mais memoria RAM nos meus servidores, de preferencia as Kingston HyperX 1333', 'Upgrade',
    '30/8/2015', '2/9/2015', '283.512.515-93', '192300' );

INSERT INTO Ticket_Comments
VALUES( '192304', 'Gostaria de um orçamento de upgrade para 60TB de armazenamento.');
INSERT INTO Ticket_Comments
VALUES( '192304', 'Opcoes Upgrade com SATA com 12 HDs Seagate 4TB R$ 3600,00\n12 HDs Western Digital 4TB R$ 4200,00\n10 HDs Samsung 6TB R$ 5000,00');
INSERT INTO Ticket_Comments
VALUES( '192304', 'Opcoes Upgrade com SSD com 256 HDs Kingston 240GB R$ 74260,00\n256 HDs Sandisk 240GB R$ 72960,00\n60 HDs Samsung 1TB R$ 96940,00');
INSERT INTO Ticket_Comments
VALUES( '192304', 'Pode ser os HDS SSD Sandisk. Obrigado' );
INSERT INTO Ticket_Comments
VALUES( '192304', 'Sera disponibilizado em seu servidor em ate 2 dias uteis. Algo mais em que posso ajudar?');
INSERT INTO Ticket_Comments
VALUES ( '19212', 'Prezado Cliente nao possuimos essa memoria em estoque no momento, faremos a solicitacao.' );
INSERT INTO Ticket_Comments
VALUES ( '19212', 'Tenho pressa para o upgrade liste as memorias disponiveis. Obrigado' );
INSERT INTO Ticket_Comments
VALUES ( '19212', 'Temos disponiveis: Kingston HyperX Cloud e Corsair Vengeance' );
INSERT INTO Ticket_Comments
VALUES ( '19212', 'Prefiro a Corsair Vengeance, favor disponibilizar 24GB' );
INSERT INTO Ticket_Comments
VALUES ( '19212', 'Sera disponibilizado em seu servidor em ate 2 dias uteis' );
INSERT INTO Ticket_Comments
VALUES ( '19212', 'Ok no aguardo. Obrigado' );
INSERT INTO Ticket_Comments
VALUES ( '19212', 'Tudo certo a memoria foi instalada em seu servidor. Caso tenha outra solicitacao abra outro ticket no sistema' );

INSERT INTO Datacenter
VALUES ( 4, 'Noruega', 'Kvaloya', 'Mjelde', '1' );
INSERT INTO Datacenter
VALUES ( 4, 'Suecia', 'Uppland', 'Uppsala', '2' );
INSERT INTO Datacenter
VALUES ( 3, 'Suecia', 'Escania', 'Malmo', '3' );
INSERT INTO Datacenter
VALUES ( 2, 'Irlanda', 'Munster', 'Cork', '4' );
INSERT INTO Datacenter
VALUES ( 1, 'Franca', 'Comuna Francesa', 'Nice', '5' );
INSERT INTO Datacenter
VALUES ( 4, 'Emirados Arabes Unidos', 'Emirado de Dubai', 'Dubai', '6' );
INSERT INTO Datacenter
VALUES ( 2, 'Nova Zelandia', 'Otago', 'Dunedin', '7' );
INSERT INTO Datacenter
VALUES ( 4, 'Japao', 'Hokkaido', 'Wakkanai', '8' );
INSERT INTO Datacenter
VALUES ( 4, 'Coreia do Sul', 'Hoseo', 'Daejeon', '9' );
INSERT INTO Datacenter
VALUES ( 1, 'Brasil', 'Parana', 'Cascavel', '10' );
INSERT INTO Datacenter
VALUES ( 2, 'Brasil', 'Rio de Janeiro', 'Petropolis', '11' );
INSERT INTO Datacenter
VALUES ( 4, 'Estados Unidos', 'California', 'Menlo Park', '12' );
INSERT INTO Datacenter
VALUES ( 4, 'Estados Unidos', 'Maine', 'Lewiston', '13' );
INSERT INTO Datacenter
VALUES ( 3, 'Canada', 'Columbia Britanica', 'Vancouver', '14' );
INSERT INTO Datacenter
VALUES ( 1, 'Canada', 'Ontario', 'Toronto', '15' );
INSERT INTO Datacenter
VALUES ( 2, 'Estados Unidos', 'Florida', 'Tampa', '16' );
INSERT INTO Datacenter
VALUES ( 3, 'Brasil', 'Minas Gerais', 'Ouro Branco', '17' );
INSERT INTO Datacenter
VALUES ( 4, 'Inglaterra', 'Lancashire', 'BlackBurn', '18' );
INSERT INTO Datacenter
VALUES ( 3, 'Inglaterra', 'Cornualha', 'Liskeard', '19' );
INSERT INTO Datacenter
VALUES ( 1, 'Mexico', 'San Luis Potosi', 'San Luis Potosi', '20' );
